ParticipantID,Question1,Question2,Question3,Question4,Question5
1,4.0,3.0,5.0,2.0,1.0
2,3.0,2.976954531515556,4.0,2.0,3.0
3,5.0,4.0,4.0,2.625200942918082,2.0
4,2.0,3.0,3.0,2.0,2.727613620180163
5,1.8374101223970518,2.0,4.0,3.0,3.0
6,3.0,3.0,5.0,3.0,2.0
7,4.0,3.141518381058416,5.0,4.0,1.0
8,5.0,4.0,5.0,2.6257705952359918,3.0
9,3.0,3.0,4.244193240645802,2.0,2.0
10,2.0,2.0,4.0,3.0,4.0
